<?xml version="1.0" encoding="UTF-8"?><module codename="org.netbeans.bootstrap/1">
    <module_version install_time="1584278935099" last="true" origin="installer" specification_version="2.76.1">
        <file crc="4226055681" name="lib/boot.jar"/>
        <file crc="396488640" name="lib/locale/boot_ja.jar"/>
        <file crc="314006304" name="lib/locale/boot_pt_BR.jar"/>
        <file crc="3824378825" name="lib/locale/boot_ru.jar"/>
        <file crc="420555277" name="lib/locale/boot_zh_CN.jar"/>
        <file crc="3249967789" name="lib/nbexec"/>
        <file crc="3625622304" name="lib/nbexec.dll"/>
        <file crc="781033326" name="lib/nbexec.exe"/>
        <file crc="4096302388" name="lib/nbexec64.dll"/>
        <file crc="1197441565" name="lib/nbexec64.exe"/>
    </module_version>
</module>
