<?xml version="1.0" encoding="UTF-8"?><module codename="org.openide.modules">
    <module_version install_time="1584278935224" last="true" origin="installer" specification_version="7.48.1">
        <file crc="1391508081" name="config/ModuleAutoDeps/org-openide-modules.xml"/>
        <file crc="1903163326" name="lib/locale/org-openide-modules_ja.jar"/>
        <file crc="3053510725" name="lib/locale/org-openide-modules_pt_BR.jar"/>
        <file crc="1009610995" name="lib/locale/org-openide-modules_ru.jar"/>
        <file crc="1576862527" name="lib/locale/org-openide-modules_zh_CN.jar"/>
        <file crc="714950504" name="lib/org-openide-modules.jar"/>
    </module_version>
</module>
