<?xml version="1.0" encoding="UTF-8"?><module codename="org.openide.filesystems">
    <module_version install_time="1584278935192" last="true" origin="installer" specification_version="9.10.1">
        <file crc="3309650626" name="config/ModuleAutoDeps/org-openide-filesystems.xml"/>
        <file crc="1275626822" name="core/locale/org-openide-filesystems_ja.jar"/>
        <file crc="1339232639" name="core/locale/org-openide-filesystems_pt_BR.jar"/>
        <file crc="712300689" name="core/locale/org-openide-filesystems_ru.jar"/>
        <file crc="4280477214" name="core/locale/org-openide-filesystems_zh_CN.jar"/>
        <file crc="2454318974" name="core/org-openide-filesystems.jar"/>
    </module_version>
</module>
