<?xml version="1.0" encoding="UTF-8"?><module codename="org.netbeans.modules.netbinox">
    <module_version install_time="1584278726341" last="true" origin="installer" specification_version="1.41.1">
        <file crc="3482404302" name="config/Modules/org-netbeans-modules-netbinox.xml"/>
        <file crc="3917659493" name="modules/ext/org.eclipse.osgi_3.9.1.v20140110-1610.jar"/>
        <file crc="1480466652" name="modules/locale/org-netbeans-modules-netbinox_ja.jar"/>
        <file crc="3005678853" name="modules/locale/org-netbeans-modules-netbinox_pt_BR.jar"/>
        <file crc="661435577" name="modules/locale/org-netbeans-modules-netbinox_ru.jar"/>
        <file crc="3747527942" name="modules/locale/org-netbeans-modules-netbinox_zh_CN.jar"/>
        <file crc="3437889293" name="modules/org-netbeans-modules-netbinox.jar"/>
    </module_version>
</module>
