<?xml version="1.0" encoding="UTF-8"?><module codename="org.netbeans.libs.osgi">
    <module_version install_time="1584278726138" last="true" origin="installer" specification_version="1.21.1">
        <file crc="3882420389" name="config/Modules/org-netbeans-libs-osgi.xml"/>
        <file crc="2474135640" name="modules/ext/osgi.cmpn-4.2.jar"/>
        <file crc="1024393861" name="modules/ext/osgi.core-5.0.0.jar"/>
        <file crc="2359567939" name="modules/locale/org-netbeans-libs-osgi_ja.jar"/>
        <file crc="2926235762" name="modules/locale/org-netbeans-libs-osgi_pt_BR.jar"/>
        <file crc="125440882" name="modules/locale/org-netbeans-libs-osgi_ru.jar"/>
        <file crc="2001019695" name="modules/locale/org-netbeans-libs-osgi_zh_CN.jar"/>
        <file crc="2543938876" name="modules/org-netbeans-libs-osgi.jar"/>
    </module_version>
</module>
