<?xml version="1.0" encoding="UTF-8"?><module codename="org.netbeans.core.startup/1">
    <module_version install_time="1584278725575" last="true" origin="installer" specification_version="1.62.1.1">
        <file crc="1587981288" name="config/ModuleAutoDeps/org-netbeans-core-startup.xml"/>
        <file crc="83806416" name="core/core.jar"/>
        <file crc="2973654115" name="core/locale/core_ja.jar"/>
        <file crc="3914933991" name="core/locale/core_pt_BR.jar"/>
        <file crc="3719861238" name="core/locale/core_ru.jar"/>
        <file crc="3787446754" name="core/locale/core_zh_CN.jar"/>
    </module_version>
</module>
