<?xml version="1.0" encoding="UTF-8"?><module codename="org.netbeans.api.annotations.common/1">
    <module_version install_time="1584278728278" last="true" origin="installer" specification_version="1.27.1">
        <file crc="1285559856" name="config/Modules/org-netbeans-api-annotations-common.xml"/>
        <file crc="2301392585" name="modules/locale/org-netbeans-api-annotations-common_ja.jar"/>
        <file crc="2776529575" name="modules/locale/org-netbeans-api-annotations-common_pt_BR.jar"/>
        <file crc="3854315722" name="modules/locale/org-netbeans-api-annotations-common_ru.jar"/>
        <file crc="104423693" name="modules/locale/org-netbeans-api-annotations-common_zh_CN.jar"/>
        <file crc="841369875" name="modules/org-netbeans-api-annotations-common.jar"/>
    </module_version>
</module>
