<?xml version="1.0" encoding="UTF-8"?><module codename="org.netbeans.libs.asm">
    <module_version install_time="1584278725966" last="true" origin="installer" specification_version="5.3.1">
        <file crc="1409393333" name="core/asm-all-5.0.1.jar"/>
        <file crc="1393639643" name="core/locale/org-netbeans-libs-asm_ja.jar"/>
        <file crc="3041083398" name="core/locale/org-netbeans-libs-asm_pt_BR.jar"/>
        <file crc="1846445343" name="core/locale/org-netbeans-libs-asm_ru.jar"/>
        <file crc="3661798285" name="core/locale/org-netbeans-libs-asm_zh_CN.jar"/>
        <file crc="1413323502" name="core/org-netbeans-libs-asm.jar"/>
    </module_version>
</module>
