<?xml version="1.0" encoding="UTF-8"?><module codename="org.openide.util">
    <module_version install_time="1584278725856" last="true" origin="installer" specification_version="9.7.1">
        <file crc="3443873185" name="config/ModuleAutoDeps/org-openide-util.xml"/>
        <file crc="3866507221" name="lib/locale/org-openide-util_ja.jar"/>
        <file crc="4058803578" name="lib/locale/org-openide-util_pt_BR.jar"/>
        <file crc="347487120" name="lib/locale/org-openide-util_ru.jar"/>
        <file crc="3434133226" name="lib/locale/org-openide-util_zh_CN.jar"/>
        <file crc="1864108775" name="lib/org-openide-util.jar"/>
    </module_version>
</module>
